"id", "created_at", "name", "has_test", "alternate_url"
"117076905","2025-02-11T09:47:46+0300","Java-разработчик",false,"https://hh.ru/vacancy/117076905"
"116778961","2025-02-05T07:54:39+0300","Intern",false,"https://hh.ru/vacancy/116778961"
"117336243","2025-02-17T10:48:23+0300","Junior Data Scientist",false,"https://hh.ru/vacancy/117336243"
"115748775","2025-02-16T09:47:05+0300","Intern Data Analyst / Стажер - аналитик данных",false,"https://hh.ru/vacancy/115748775"
"117251841","2025-02-14T11:02:03+0300","Специалист по CDM (с бобром за столом)",false,"https://hh.ru/vacancy/117251841"
"117332113","2025-02-17T10:10:27+0300","Frontend-разработчик (React, Next.js)",true,"https://hh.ru/vacancy/117332113"
"117327574","2025-02-17T09:31:12+0300","UX/UI-дизайнер",false,"https://hh.ru/vacancy/117327574"
"117047994","2025-02-10T17:08:13+0300","Аналитик данных",false,"https://hh.ru/vacancy/117047994"
"115163407","2025-02-08T14:57:04+0300","Ведущий менеджер по продажам",false,"https://hh.ru/vacancy/115163407"
"117287749","2025-02-14T19:20:04+0300","O&M Engineer",false,"https://hh.ru/vacancy/117287749"
"117271956","2025-02-14T14:57:06+0300","Strong-Junior / Middle Java разработчик",false,"https://hh.ru/vacancy/117271956"
"116604182","2025-01-31T12:52:47+0300","ML-инженер (Junior Data Scientist)",false,"https://hh.ru/vacancy/116604182"
"117072719","2025-02-11T09:01:24+0300","Customer Support Specialist (Marocco)",false,"https://hh.ru/vacancy/117072719"
"117290373","2025-02-15T08:01:19+0300","Бухгалтер",false,"https://hh.ru/vacancy/117290373"
"117157519","2025-02-12T16:24:22+0300","Backend-разработчик на Java",true,"https://hh.ru/vacancy/117157519"
"116909477","2025-02-07T17:16:41+0300","Ведущий менеджер проектов (CSM)",false,"https://hh.ru/vacancy/116909477"
"117331319","2025-02-17T10:02:00+0300","Системный аналитик (junior+/middle)",false,"https://hh.ru/vacancy/117331319"
"116574300","2025-01-30T16:22:06+0300","Разработчик Java",false,"https://hh.ru/vacancy/116574300"
"117318628","2025-02-17T07:20:40+0300","Руководитель отдела продаж",false,"https://hh.ru/vacancy/117318628"
"110222029","2025-02-15T11:46:07+0300","Finance Intern / Стажер в финансовый отдел",false,"https://hh.ru/vacancy/110222029"
